Workbook

Sheet Raw Data
A1: Commercial GL - Raw Claims Data
A2: Policy Year | B2: Earned Exposeure | C2: Claims | D2: Total Incurred Loss
A3: 2020 | B3: 1200 | C3: 48 | D3: 960000
A4: 2021 | B4: 1350 | C4: 55 | D4: 1120000
A5: 2022 | B5: 1500 | C5: 63 | D5: 1380000
A6: 2023 | B6: 1650 | C6: 72 | D6: 1620000
A7: 2024 | B7: 1800 | C7: 85 | D7: 1950000

Sheet Sheet2
A1: Commercial GL - Loss Trend & Indicated Rate Change
A2: Variables | B2: Inputs
A3: Expense Ratio | B3: 0.3
A4: Profit Provision | B4: 0.05
A5: Selected Trend (Avg Trend) | B5: =H15 -> 0.079138587
A6: Next Year Projection | B6: 2025
A9: Policy Year | B9: Exposure | C9: Claims | D9: Loss | E9: Frequency | F9: Severity | G9: Pure Premium | H9: PP Trend
A10: ='Raw Data'!A3 -> 2020 | B10: ='Raw Data'!B3 -> 1200 | C10: ='Raw Data'!C3 -> 48 | D10: ='Raw Data'!D3 -> 960000 | E10: =C10/B10 -> 0.04 | F10: =D10/C10 -> 20000 | G10: =D10/B10 -> 800
A11: ='Raw Data'!A4 -> 2021 | B11: ='Raw Data'!B4 -> 1350 | C11: ='Raw Data'!C4 -> 55 | D11: ='Raw Data'!D4 -> 1120000 | E11: =C11/B11 -> 0.040740741 | F11: =D11/C11 -> 20363.636 | G11: =D11/B11 -> 829.62963 | H11: =(G11/G10)-1 -> 0.037037037
A12: ='Raw Data'!A5 -> 2022 | B12: ='Raw Data'!B5 -> 1500 | C12: ='Raw Data'!C5 -> 63 | D12: ='Raw Data'!D5 -> 1380000 | E12: =C12/B12 -> 0.042 | F12: =D12/C12 -> 21904.762 | G12: =D12/B12 -> 920 | H12: =(G12/G11)-1 -> 0.10892857
A13: ='Raw Data'!A6 -> 2023 | B13: ='Raw Data'!B6 -> 1650 | C13: ='Raw Data'!C6 -> 72 | D13: ='Raw Data'!D6 -> 1620000 | E13: =C13/B13 -> 0.043636364 | F13: =D13/C13 -> 22500 | G13: =D13/B13 -> 981.81818 | H13: =(G13/G12)-1 -> 0.067193676
A14: ='Raw Data'!A7 -> 2024 | B14: ='Raw Data'!B7 -> 1800 | C14: ='Raw Data'!C7 -> 85 | D14: ='Raw Data'!D7 -> 1950000 | E14: =C14/B14 -> 0.047222222 | F14: =D14/C14 -> 22941.176 | G14: =D14/B14 -> 1083.3333 | H14: =(G14/G13)-1 -> 0.10339506
G15: Avg Trend | H15: =AVERAGE(H11:H14) -> 0.079138587
A17: Projection & Indication
A18: Currect Pure Premium (2024) | B18: =G14 -> 1083.3333
A19: Projected Pure Premium (Next Year) | B19: =B18*(1+$B$5) -> 1169.0668
A20: Indicated Rate Level (Next Year) | B20: =B19/(1-$B$3-$B$4) -> 1798.5643
A21: Current Rate Level (Same Provsions) | B21: =B18/(1-$B$3-$B$4) -> 1666.6667
A22: Indicated Rate Change
